Question,Answer
What is AI?,Artificial Intelligence (AI) enables machines to perform tasks that normally require human intelligence.
Define AI.,Artificial Intelligence (AI) enables machines to perform tasks that normally require human intelligence.
Explain AI.,Artificial Intelligence (AI) enables machines to perform tasks that normally require human intelligence.
Tell me about AI.,Artificial Intelligence (AI) enables machines to perform tasks that normally require human intelligence.
What does AI mean?,Artificial Intelligence (AI) enables machines to perform tasks that normally require human intelligence.
What is the purpose of AI?,Artificial Intelligence (AI) enables machines to perform tasks that normally require human intelligence.
Why is AI important?,Artificial Intelligence (AI) enables machines to perform tasks that normally require human intelligence.
What are the benefits of AI?,Artificial Intelligence (AI) enables machines to perform tasks that normally require human intelligence.
Where is AI used?,Artificial Intelligence (AI) enables machines to perform tasks that normally require human intelligence.
Who uses AI?,Artificial Intelligence (AI) enables machines to perform tasks that normally require human intelligence.
What is Machine Learning?,Machine Learning is a branch of AI that allows computers to learn from data without explicit programming.
Define Machine Learning.,Machine Learning is a branch of AI that allows computers to learn from data without explicit programming.
Explain Machine Learning.,Machine Learning is a branch of AI that allows computers to learn from data without explicit programming.
Tell me about Machine Learning.,Machine Learning is a branch of AI that allows computers to learn from data without explicit programming.
What does Machine Learning mean?,Machine Learning is a branch of AI that allows computers to learn from data without explicit programming.
What is the purpose of Machine Learning?,Machine Learning is a branch of AI that allows computers to learn from data without explicit programming.
Why is Machine Learning important?,Machine Learning is a branch of AI that allows computers to learn from data without explicit programming.
What are the benefits of Machine Learning?,Machine Learning is a branch of AI that allows computers to learn from data without explicit programming.
Where is Machine Learning used?,Machine Learning is a branch of AI that allows computers to learn from data without explicit programming.
Who uses Machine Learning?,Machine Learning is a branch of AI that allows computers to learn from data without explicit programming.
What is Deep Learning?,Deep Learning is a subset of Machine Learning that uses neural networks.
Define Deep Learning.,Deep Learning is a subset of Machine Learning that uses neural networks.
Explain Deep Learning.,Deep Learning is a subset of Machine Learning that uses neural networks.
Tell me about Deep Learning.,Deep Learning is a subset of Machine Learning that uses neural networks.
What does Deep Learning mean?,Deep Learning is a subset of Machine Learning that uses neural networks.
What is the purpose of Deep Learning?,Deep Learning is a subset of Machine Learning that uses neural networks.
Why is Deep Learning important?,Deep Learning is a subset of Machine Learning that uses neural networks.
What are the benefits of Deep Learning?,Deep Learning is a subset of Machine Learning that uses neural networks.
Where is Deep Learning used?,Deep Learning is a subset of Machine Learning that uses neural networks.
Who uses Deep Learning?,Deep Learning is a subset of Machine Learning that uses neural networks.
What is Python?,"Python is a versatile programming language used for web development, automation, AI and data science."
Define Python.,"Python is a versatile programming language used for web development, automation, AI and data science."
Explain Python.,"Python is a versatile programming language used for web development, automation, AI and data science."
Tell me about Python.,"Python is a versatile programming language used for web development, automation, AI and data science."
What does Python mean?,"Python is a versatile programming language used for web development, automation, AI and data science."
What is the purpose of Python?,"Python is a versatile programming language used for web development, automation, AI and data science."
Why is Python important?,"Python is a versatile programming language used for web development, automation, AI and data science."
What are the benefits of Python?,"Python is a versatile programming language used for web development, automation, AI and data science."
Where is Python used?,"Python is a versatile programming language used for web development, automation, AI and data science."
Who uses Python?,"Python is a versatile programming language used for web development, automation, AI and data science."
What is Pandas?,Pandas is a Python library for data manipulation and analysis.
Define Pandas.,Pandas is a Python library for data manipulation and analysis.
Explain Pandas.,Pandas is a Python library for data manipulation and analysis.
Tell me about Pandas.,Pandas is a Python library for data manipulation and analysis.
What does Pandas mean?,Pandas is a Python library for data manipulation and analysis.
What is the purpose of Pandas?,Pandas is a Python library for data manipulation and analysis.
Why is Pandas important?,Pandas is a Python library for data manipulation and analysis.
What are the benefits of Pandas?,Pandas is a Python library for data manipulation and analysis.
Where is Pandas used?,Pandas is a Python library for data manipulation and analysis.
Who uses Pandas?,Pandas is a Python library for data manipulation and analysis.
What is NumPy?,NumPy is a Python library for numerical computing.
Define NumPy.,NumPy is a Python library for numerical computing.
Explain NumPy.,NumPy is a Python library for numerical computing.
Tell me about NumPy.,NumPy is a Python library for numerical computing.
What does NumPy mean?,NumPy is a Python library for numerical computing.
What is the purpose of NumPy?,NumPy is a Python library for numerical computing.
Why is NumPy important?,NumPy is a Python library for numerical computing.
What are the benefits of NumPy?,NumPy is a Python library for numerical computing.
Where is NumPy used?,NumPy is a Python library for numerical computing.
Who uses NumPy?,NumPy is a Python library for numerical computing.
What is Matplotlib?,Matplotlib is a Python library for data visualization.
Define Matplotlib.,Matplotlib is a Python library for data visualization.
Explain Matplotlib.,Matplotlib is a Python library for data visualization.
Tell me about Matplotlib.,Matplotlib is a Python library for data visualization.
What does Matplotlib mean?,Matplotlib is a Python library for data visualization.
What is the purpose of Matplotlib?,Matplotlib is a Python library for data visualization.
Why is Matplotlib important?,Matplotlib is a Python library for data visualization.
What are the benefits of Matplotlib?,Matplotlib is a Python library for data visualization.
Where is Matplotlib used?,Matplotlib is a Python library for data visualization.
Who uses Matplotlib?,Matplotlib is a Python library for data visualization.
What is Seaborn?,Seaborn is a statistical visualization library built on Matplotlib.
Define Seaborn.,Seaborn is a statistical visualization library built on Matplotlib.
Explain Seaborn.,Seaborn is a statistical visualization library built on Matplotlib.
Tell me about Seaborn.,Seaborn is a statistical visualization library built on Matplotlib.
What does Seaborn mean?,Seaborn is a statistical visualization library built on Matplotlib.
What is the purpose of Seaborn?,Seaborn is a statistical visualization library built on Matplotlib.
Why is Seaborn important?,Seaborn is a statistical visualization library built on Matplotlib.
What are the benefits of Seaborn?,Seaborn is a statistical visualization library built on Matplotlib.
Where is Seaborn used?,Seaborn is a statistical visualization library built on Matplotlib.
Who uses Seaborn?,Seaborn is a statistical visualization library built on Matplotlib.
What is Streamlit?,Streamlit is a Python framework for building interactive web applications.
Define Streamlit.,Streamlit is a Python framework for building interactive web applications.
Explain Streamlit.,Streamlit is a Python framework for building interactive web applications.
Tell me about Streamlit.,Streamlit is a Python framework for building interactive web applications.
What does Streamlit mean?,Streamlit is a Python framework for building interactive web applications.
What is the purpose of Streamlit?,Streamlit is a Python framework for building interactive web applications.
Why is Streamlit important?,Streamlit is a Python framework for building interactive web applications.
What are the benefits of Streamlit?,Streamlit is a Python framework for building interactive web applications.
Where is Streamlit used?,Streamlit is a Python framework for building interactive web applications.
Who uses Streamlit?,Streamlit is a Python framework for building interactive web applications.
What is Git?,Git is a distributed version control system.
Define Git.,Git is a distributed version control system.
Explain Git.,Git is a distributed version control system.
Tell me about Git.,Git is a distributed version control system.
What does Git mean?,Git is a distributed version control system.
What is the purpose of Git?,Git is a distributed version control system.
Why is Git important?,Git is a distributed version control system.
What are the benefits of Git?,Git is a distributed version control system.
Where is Git used?,Git is a distributed version control system.
Who uses Git?,Git is a distributed version control system.
What is GitHub?,GitHub is a platform for hosting Git repositories.
Define GitHub.,GitHub is a platform for hosting Git repositories.
Explain GitHub.,GitHub is a platform for hosting Git repositories.
Tell me about GitHub.,GitHub is a platform for hosting Git repositories.
What does GitHub mean?,GitHub is a platform for hosting Git repositories.
What is the purpose of GitHub?,GitHub is a platform for hosting Git repositories.
Why is GitHub important?,GitHub is a platform for hosting Git repositories.
What are the benefits of GitHub?,GitHub is a platform for hosting Git repositories.
Where is GitHub used?,GitHub is a platform for hosting Git repositories.
Who uses GitHub?,GitHub is a platform for hosting Git repositories.
What is SQL?,SQL is used to query and manage relational databases.
Define SQL.,SQL is used to query and manage relational databases.
Explain SQL.,SQL is used to query and manage relational databases.
Tell me about SQL.,SQL is used to query and manage relational databases.
What does SQL mean?,SQL is used to query and manage relational databases.
What is the purpose of SQL?,SQL is used to query and manage relational databases.
Why is SQL important?,SQL is used to query and manage relational databases.
What are the benefits of SQL?,SQL is used to query and manage relational databases.
Where is SQL used?,SQL is used to query and manage relational databases.
Who uses SQL?,SQL is used to query and manage relational databases.
What is PostgreSQL?,PostgreSQL is an advanced open-source relational database.
Define PostgreSQL.,PostgreSQL is an advanced open-source relational database.
Explain PostgreSQL.,PostgreSQL is an advanced open-source relational database.
Tell me about PostgreSQL.,PostgreSQL is an advanced open-source relational database.
What does PostgreSQL mean?,PostgreSQL is an advanced open-source relational database.
What is the purpose of PostgreSQL?,PostgreSQL is an advanced open-source relational database.
Why is PostgreSQL important?,PostgreSQL is an advanced open-source relational database.
What are the benefits of PostgreSQL?,PostgreSQL is an advanced open-source relational database.
Where is PostgreSQL used?,PostgreSQL is an advanced open-source relational database.
Who uses PostgreSQL?,PostgreSQL is an advanced open-source relational database.
What is MySQL?,MySQL is a popular relational database management system.
Define MySQL.,MySQL is a popular relational database management system.
Explain MySQL.,MySQL is a popular relational database management system.
Tell me about MySQL.,MySQL is a popular relational database management system.
What does MySQL mean?,MySQL is a popular relational database management system.
What is the purpose of MySQL?,MySQL is a popular relational database management system.
Why is MySQL important?,MySQL is a popular relational database management system.
What are the benefits of MySQL?,MySQL is a popular relational database management system.
Where is MySQL used?,MySQL is a popular relational database management system.
Who uses MySQL?,MySQL is a popular relational database management system.
What is Power BI?,Power BI is Microsoft's business intelligence and dashboard tool.
Define Power BI.,Power BI is Microsoft's business intelligence and dashboard tool.
Explain Power BI.,Power BI is Microsoft's business intelligence and dashboard tool.
Tell me about Power BI.,Power BI is Microsoft's business intelligence and dashboard tool.
What does Power BI mean?,Power BI is Microsoft's business intelligence and dashboard tool.
What is the purpose of Power BI?,Power BI is Microsoft's business intelligence and dashboard tool.
Why is Power BI important?,Power BI is Microsoft's business intelligence and dashboard tool.
What are the benefits of Power BI?,Power BI is Microsoft's business intelligence and dashboard tool.
Where is Power BI used?,Power BI is Microsoft's business intelligence and dashboard tool.
Who uses Power BI?,Power BI is Microsoft's business intelligence and dashboard tool.
What is Excel?,Microsoft Excel is a spreadsheet application for data analysis.
Define Excel.,Microsoft Excel is a spreadsheet application for data analysis.
Explain Excel.,Microsoft Excel is a spreadsheet application for data analysis.
Tell me about Excel.,Microsoft Excel is a spreadsheet application for data analysis.
What does Excel mean?,Microsoft Excel is a spreadsheet application for data analysis.
What is the purpose of Excel?,Microsoft Excel is a spreadsheet application for data analysis.
Why is Excel important?,Microsoft Excel is a spreadsheet application for data analysis.
What are the benefits of Excel?,Microsoft Excel is a spreadsheet application for data analysis.
Where is Excel used?,Microsoft Excel is a spreadsheet application for data analysis.
Who uses Excel?,Microsoft Excel is a spreadsheet application for data analysis.
What is Data Science?,"Data Science combines statistics, programming and domain knowledge to analyze data."
Define Data Science.,"Data Science combines statistics, programming and domain knowledge to analyze data."
Explain Data Science.,"Data Science combines statistics, programming and domain knowledge to analyze data."
Tell me about Data Science.,"Data Science combines statistics, programming and domain knowledge to analyze data."
What does Data Science mean?,"Data Science combines statistics, programming and domain knowledge to analyze data."
What is the purpose of Data Science?,"Data Science combines statistics, programming and domain knowledge to analyze data."
Why is Data Science important?,"Data Science combines statistics, programming and domain knowledge to analyze data."
What are the benefits of Data Science?,"Data Science combines statistics, programming and domain knowledge to analyze data."
Where is Data Science used?,"Data Science combines statistics, programming and domain knowledge to analyze data."
Who uses Data Science?,"Data Science combines statistics, programming and domain knowledge to analyze data."
What is API?,An API enables communication between software applications.
Define API.,An API enables communication between software applications.
Explain API.,An API enables communication between software applications.
Tell me about API.,An API enables communication between software applications.
What does API mean?,An API enables communication between software applications.
What is the purpose of API?,An API enables communication between software applications.
Why is API important?,An API enables communication between software applications.
What are the benefits of API?,An API enables communication between software applications.
Where is API used?,An API enables communication between software applications.
Who uses API?,An API enables communication between software applications.
What is Cloud Computing?,Cloud Computing provides computing resources over the internet.
Define Cloud Computing.,Cloud Computing provides computing resources over the internet.
Explain Cloud Computing.,Cloud Computing provides computing resources over the internet.
Tell me about Cloud Computing.,Cloud Computing provides computing resources over the internet.
What does Cloud Computing mean?,Cloud Computing provides computing resources over the internet.
What is the purpose of Cloud Computing?,Cloud Computing provides computing resources over the internet.
Why is Cloud Computing important?,Cloud Computing provides computing resources over the internet.
What are the benefits of Cloud Computing?,Cloud Computing provides computing resources over the internet.
Where is Cloud Computing used?,Cloud Computing provides computing resources over the internet.
Who uses Cloud Computing?,Cloud Computing provides computing resources over the internet.
What is Chatbot?,A chatbot interacts with users through text or voice.
Define Chatbot.,A chatbot interacts with users through text or voice.
Explain Chatbot.,A chatbot interacts with users through text or voice.
Tell me about Chatbot.,A chatbot interacts with users through text or voice.
What does Chatbot mean?,A chatbot interacts with users through text or voice.
What is the purpose of Chatbot?,A chatbot interacts with users through text or voice.
Why is Chatbot important?,A chatbot interacts with users through text or voice.
What are the benefits of Chatbot?,A chatbot interacts with users through text or voice.
Where is Chatbot used?,A chatbot interacts with users through text or voice.
Who uses Chatbot?,A chatbot interacts with users through text or voice.
